"Name","slc.dropout","filters","Runtime","filter_size","kernel_size","l_rate","test/accuracy","test/classification_loss","test/reconstruction_loss","test/total_loss"
"valiant-sweep-5","","[32,64]","45","[32,64]","3","0.001","89.775","0.28312232448657354","0.01772564020504554","0.09734464872876802"
"cerulean-sweep-1","","[16,32]","45","[16,32]","3","0.001","89.51666666666667","0.2997930064102014","0.0177193810865283","0.1023414723277092"
"driven-sweep-7","","[32,64]","43","[32,64]","5","0.001","89.50833333333334","0.2887050380706787","0.03837204977373282","0.11347194948792458"
"prime-sweep-6","","[32,64]","38","[32,64]","3","0.0001","89.31666666666666","0.29654132265845934","0.019331442346175513","0.10249440948168435"
"ethereal-sweep-3","","[16,32]","46","[16,32]","5","0.001","88.85","0.31799269118905066","0.038704092115163805","0.12249067503213884"
"devoted-sweep-8","","[32,64]","45","[32,64]","5","0.0001","88.4","0.32600273525714873","0.039026354307929674","0.12511927250027657"
"silver-sweep-2","","[16,32]","44","[16,32]","3","0.0001","88.23333333333333","0.3289849919080734","0.02170705551902453","0.11389044029513996"
"pretty-sweep-4","","[16,32]","45","[16,32]","5","0.0001","86.975","0.37522031778097154","0.04097164668639501","0.14124625237782795"